INSERT INTO users(name, created_at, updated_at) VALUES ('사용자1', CURRENT_TIMESTAMP, CURRENT_TIMESTAMP);
INSERT INTO users(name, created_at, updated_at) VALUES ('사용자2', CURRENT_TIMESTAMP, CURRENT_TIMESTAMP);
INSERT INTO users(name, created_at, updated_at) VALUES ('사용자3', CURRENT_TIMESTAMP, CURRENT_TIMESTAMP);
INSERT INTO users(name, created_at, updated_at) VALUES ('사용자4', CURRENT_TIMESTAMP, CURRENT_TIMESTAMP);
INSERT INTO users(name, created_at, updated_at) VALUES ('사용자5', CURRENT_TIMESTAMP, CURRENT_TIMESTAMP);
INSERT INTO users(name, created_at, updated_at) VALUES ('사용자6', CURRENT_TIMESTAMP, CURRENT_TIMESTAMP);
INSERT INTO users(name, created_at, updated_at) VALUES ('사용자7', CURRENT_TIMESTAMP, CURRENT_TIMESTAMP);
INSERT INTO users(name, created_at, updated_at) VALUES ('사용자8', CURRENT_TIMESTAMP, CURRENT_TIMESTAMP);
INSERT INTO users(name, created_at, updated_at) VALUES ('사용자9', CURRENT_TIMESTAMP, CURRENT_TIMESTAMP);
INSERT INTO users(name, created_at, updated_at) VALUES ('사용자10', CURRENT_TIMESTAMP, CURRENT_TIMESTAMP);
INSERT INTO users(name, created_at, updated_at) VALUES ('사용자11', CURRENT_TIMESTAMP, CURRENT_TIMESTAMP);
INSERT INTO users(name, created_at, updated_at) VALUES ('사용자12', CURRENT_TIMESTAMP, CURRENT_TIMESTAMP);
INSERT INTO users(name, created_at, updated_at) VALUES ('사용자13', CURRENT_TIMESTAMP, CURRENT_TIMESTAMP);
INSERT INTO users(name, created_at, updated_at) VALUES ('사용자14', CURRENT_TIMESTAMP, CURRENT_TIMESTAMP);
INSERT INTO users(name, created_at, updated_at) VALUES ('사용자15', CURRENT_TIMESTAMP, CURRENT_TIMESTAMP);
INSERT INTO users(name, created_at, updated_at) VALUES ('사용자16', CURRENT_TIMESTAMP, CURRENT_TIMESTAMP);
INSERT INTO users(name, created_at, updated_at) VALUES ('사용자17', CURRENT_TIMESTAMP, CURRENT_TIMESTAMP);
INSERT INTO users(name, created_at, updated_at) VALUES ('사용자18', CURRENT_TIMESTAMP, CURRENT_TIMESTAMP);
INSERT INTO users(name, created_at, updated_at) VALUES ('사용자19', CURRENT_TIMESTAMP, CURRENT_TIMESTAMP);
INSERT INTO users(name, created_at, updated_at) VALUES ('사용자20', CURRENT_TIMESTAMP, CURRENT_TIMESTAMP);
INSERT INTO users(name, created_at, updated_at) VALUES ('사용자21', CURRENT_TIMESTAMP, CURRENT_TIMESTAMP);
INSERT INTO users(name, created_at, updated_at) VALUES ('사용자22', CURRENT_TIMESTAMP, CURRENT_TIMESTAMP);
INSERT INTO users(name, created_at, updated_at) VALUES ('사용자23', CURRENT_TIMESTAMP, CURRENT_TIMESTAMP);
INSERT INTO users(name, created_at, updated_at) VALUES ('사용자24', CURRENT_TIMESTAMP, CURRENT_TIMESTAMP);
INSERT INTO users(name, created_at, updated_at) VALUES ('사용자25', CURRENT_TIMESTAMP, CURRENT_TIMESTAMP);
INSERT INTO users(name, created_at, updated_at) VALUES ('사용자26', CURRENT_TIMESTAMP, CURRENT_TIMESTAMP);
INSERT INTO users(name, created_at, updated_at) VALUES ('사용자27', CURRENT_TIMESTAMP, CURRENT_TIMESTAMP);
INSERT INTO users(name, created_at, updated_at) VALUES ('사용자28', CURRENT_TIMESTAMP, CURRENT_TIMESTAMP);
INSERT INTO users(name, created_at, updated_at) VALUES ('사용자29', CURRENT_TIMESTAMP, CURRENT_TIMESTAMP);
INSERT INTO users(name, created_at, updated_at) VALUES ('사용자30', CURRENT_TIMESTAMP, CURRENT_TIMESTAMP);
INSERT INTO users(name, created_at, updated_at) VALUES ('사용자31', CURRENT_TIMESTAMP, CURRENT_TIMESTAMP);

INSERT INTO lectures(user_id, title, content, created_at, updated_at) VALUES (1, '특강1','특강1 내용', CURRENT_TIMESTAMP, CURRENT_TIMESTAMP);
INSERT INTO lectures(user_id, title, content, created_at, updated_at) VALUES (2, '특강2','특강2 내용', CURRENT_TIMESTAMP, CURRENT_TIMESTAMP);

INSERT INTO lecture_schedules(lecture_id, started_at, ended_at, created_at, updated_at) VALUES (1, '2024-12-22 09:00', '2024-12-22 10:00', CURRENT_TIMESTAMP, CURRENT_TIMESTAMP);
INSERT INTO lecture_schedules(lecture_id, started_at, ended_at, created_at, updated_at) VALUES (1, '2024-12-31 09:00', '2024-12-31 10:00', CURRENT_TIMESTAMP, CURRENT_TIMESTAMP);
INSERT INTO lecture_schedules(lecture_id, started_at, ended_at, created_at, updated_at) VALUES (2, '2024-12-31 09:00', '2024-12-31 09:10', CURRENT_TIMESTAMP, CURRENT_TIMESTAMP);
INSERT INTO lecture_schedules(lecture_id, started_at, ended_at, created_at, updated_at) VALUES (2, '2024-12-31 09:10', '2024-12-31 09:20', CURRENT_TIMESTAMP, CURRENT_TIMESTAMP);

INSERT INTO lecture_participants(schedule_id, user_id, created_at, updated_at) VALUES (2, 2, CURRENT_TIMESTAMP, CURRENT_TIMESTAMP);
INSERT INTO lecture_participants(schedule_id, user_id, created_at, updated_at) VALUES (2, 3, CURRENT_TIMESTAMP, CURRENT_TIMESTAMP);
INSERT INTO lecture_participants(schedule_id, user_id, created_at, updated_at) VALUES (2, 4, CURRENT_TIMESTAMP, CURRENT_TIMESTAMP);
INSERT INTO lecture_participants(schedule_id, user_id, created_at, updated_at) VALUES (2, 5, CURRENT_TIMESTAMP, CURRENT_TIMESTAMP);
INSERT INTO lecture_participants(schedule_id, user_id, created_at, updated_at) VALUES (2, 6, CURRENT_TIMESTAMP, CURRENT_TIMESTAMP);
INSERT INTO lecture_participants(schedule_id, user_id, created_at, updated_at) VALUES (2, 7, CURRENT_TIMESTAMP, CURRENT_TIMESTAMP);
INSERT INTO lecture_participants(schedule_id, user_id, created_at, updated_at) VALUES (2, 8, CURRENT_TIMESTAMP, CURRENT_TIMESTAMP);
INSERT INTO lecture_participants(schedule_id, user_id, created_at, updated_at) VALUES (2, 9, CURRENT_TIMESTAMP, CURRENT_TIMESTAMP);
INSERT INTO lecture_participants(schedule_id, user_id, created_at, updated_at) VALUES (2, 10, CURRENT_TIMESTAMP, CURRENT_TIMESTAMP);
INSERT INTO lecture_participants(schedule_id, user_id, created_at, updated_at) VALUES (2, 11, CURRENT_TIMESTAMP, CURRENT_TIMESTAMP);
INSERT INTO lecture_participants(schedule_id, user_id, created_at, updated_at) VALUES (2, 12, CURRENT_TIMESTAMP, CURRENT_TIMESTAMP);
INSERT INTO lecture_participants(schedule_id, user_id, created_at, updated_at) VALUES (2, 13, CURRENT_TIMESTAMP, CURRENT_TIMESTAMP);
INSERT INTO lecture_participants(schedule_id, user_id, created_at, updated_at) VALUES (2, 14, CURRENT_TIMESTAMP, CURRENT_TIMESTAMP);
INSERT INTO lecture_participants(schedule_id, user_id, created_at, updated_at) VALUES (2, 15, CURRENT_TIMESTAMP, CURRENT_TIMESTAMP);
INSERT INTO lecture_participants(schedule_id, user_id, created_at, updated_at) VALUES (2, 16, CURRENT_TIMESTAMP, CURRENT_TIMESTAMP);
INSERT INTO lecture_participants(schedule_id, user_id, created_at, updated_at) VALUES (2, 17, CURRENT_TIMESTAMP, CURRENT_TIMESTAMP);
INSERT INTO lecture_participants(schedule_id, user_id, created_at, updated_at) VALUES (2, 18, CURRENT_TIMESTAMP, CURRENT_TIMESTAMP);
INSERT INTO lecture_participants(schedule_id, user_id, created_at, updated_at) VALUES (2, 19, CURRENT_TIMESTAMP, CURRENT_TIMESTAMP);
INSERT INTO lecture_participants(schedule_id, user_id, created_at, updated_at) VALUES (2, 20, CURRENT_TIMESTAMP, CURRENT_TIMESTAMP);
INSERT INTO lecture_participants(schedule_id, user_id, created_at, updated_at) VALUES (2, 21, CURRENT_TIMESTAMP, CURRENT_TIMESTAMP);
INSERT INTO lecture_participants(schedule_id, user_id, created_at, updated_at) VALUES (2, 22, CURRENT_TIMESTAMP, CURRENT_TIMESTAMP);
INSERT INTO lecture_participants(schedule_id, user_id, created_at, updated_at) VALUES (2, 23, CURRENT_TIMESTAMP, CURRENT_TIMESTAMP);
INSERT INTO lecture_participants(schedule_id, user_id, created_at, updated_at) VALUES (2, 24, CURRENT_TIMESTAMP, CURRENT_TIMESTAMP);
INSERT INTO lecture_participants(schedule_id, user_id, created_at, updated_at) VALUES (2, 25, CURRENT_TIMESTAMP, CURRENT_TIMESTAMP);
INSERT INTO lecture_participants(schedule_id, user_id, created_at, updated_at) VALUES (2, 26, CURRENT_TIMESTAMP, CURRENT_TIMESTAMP);
INSERT INTO lecture_participants(schedule_id, user_id, created_at, updated_at) VALUES (2, 27, CURRENT_TIMESTAMP, CURRENT_TIMESTAMP);
INSERT INTO lecture_participants(schedule_id, user_id, created_at, updated_at) VALUES (2, 28, CURRENT_TIMESTAMP, CURRENT_TIMESTAMP);
INSERT INTO lecture_participants(schedule_id, user_id, created_at, updated_at) VALUES (2, 29, CURRENT_TIMESTAMP, CURRENT_TIMESTAMP);
INSERT INTO lecture_participants(schedule_id, user_id, created_at, updated_at) VALUES (2, 30, CURRENT_TIMESTAMP, CURRENT_TIMESTAMP);
INSERT INTO lecture_participants(schedule_id, user_id, created_at, updated_at) VALUES (1, 2, CURRENT_TIMESTAMP, CURRENT_TIMESTAMP);

INSERT INTO lecture_participant_counts(schedule_id, count, created_at, updated_at) VALUES (1, 1, CURRENT_TIMESTAMP, CURRENT_TIMESTAMP);
INSERT INTO lecture_participant_counts(schedule_id, count, created_at, updated_at) VALUES (2, 29, CURRENT_TIMESTAMP, CURRENT_TIMESTAMP);
INSERT INTO lecture_participant_counts(schedule_id, count, created_at, updated_at) VALUES (3, 0, CURRENT_TIMESTAMP, CURRENT_TIMESTAMP);
INSERT INTO lecture_participant_counts(schedule_id, count, created_at, updated_at) VALUES (4, 0, CURRENT_TIMESTAMP, CURRENT_TIMESTAMP);